Correlations,Column 1,Column 2,Column 3,Column 4,Column 5
Column 1,1,,,,
Column 2,0.446826280133577,1,,,
Column 3,-0.916766121298812,-0.390066605177764,1,,
Column 4,-0.942917565070183,-0.431590326506984,0.864333357065627,1,
Column 5,0.961884881493326,0.463073413350209,-0.867814239672068,-0.938299115942546,1
